firstName,lastName,email,phoneNumber,password,specialty,role,hospital,createdAt,updatedAt
Dr.,Aaradhya Sharma,dr..aaradhya sharma@hospital.com,9012345678,ef92b778bafe771e89245b89ecbc08a44a4e166c06659911881f383d4473e94f,Cardiology,Doctor,"['Fortis Hospital Rajajinagar, Bangalore', ""St. Martha's Hospital""]",2025-01-11T18:56:07.754224+00:00,2025-01-11T18:56:07.754397+00:00
Dr.,Adah Desai,dr..adah desai@hospital.com,9012345678,ef92b778bafe771e89245b89ecbc08a44a4e166c06659911881f383d4473e94f,Cardiology,Doctor,"['The Bangalore Hospital', 'Apollo Spectra Hospitals']",2025-01-11T18:56:07.754410+00:00,2025-01-11T18:56:07.754412+00:00
Dr.,Adhira Patel,dr..adhira patel@hospital.com,9012345678,ef92b778bafe771e89245b89ecbc08a44a4e166c06659911881f383d4473e94f,Cardiology,Doctor,"['The Bangalore Hospital', ""St Philomena's Hospital""]",2025-01-11T18:56:07.754417+00:00,2025-01-11T18:56:07.754419+00:00
Dr.,Amoli Jain,dr..amoli jain@hospital.com,9012345678,ef92b778bafe771e89245b89ecbc08a44a4e166c06659911881f383d4473e94f,Cardiology,Doctor,"['Fortis Hospital Richmond Road', 'Santosh Hospital - Best Multispeciality Hospital in Bangalore']",2025-01-11T18:56:07.754422+00:00,2025-01-11T18:56:07.754423+00:00
Dr.,Anaisha Singh,dr..anaisha singh@hospital.com,9012345678,ef92b778bafe771e89245b89ecbc08a44a4e166c06659911881f383d4473e94f,Cardiology,Doctor,"['Fortis Hospital Richmond Road', 'Cambridge Fertility']",2025-01-11T18:56:07.754427+00:00,2025-01-11T18:56:07.754428+00:00
Dr.,Ananya Khanna,dr..ananya khanna@hospital.com,9012345678,ef92b778bafe771e89245b89ecbc08a44a4e166c06659911881f383d4473e94f,Cardiology,Doctor,"['Fortis Hospital Cunningham Road', 'Cambridge Fertility']",2025-01-11T18:56:07.754431+00:00,2025-01-11T18:56:07.754432+00:00
Dr.,Asmee Gupta,dr..asmee gupta@hospital.com,9012345678,ef92b778bafe771e89245b89ecbc08a44a4e166c06659911881f383d4473e94f,Cardiology,Doctor,"['Fortis Hospital Cunningham Road', 'The Bangalore Hospital']",2025-01-11T18:56:07.754436+00:00,2025-01-11T18:56:07.754437+00:00
Dr.,Avni Roy,dr..avni roy@hospital.com,9012345678,ef92b778bafe771e89245b89ecbc08a44a4e166c06659911881f383d4473e94f,Cardiology,Doctor,"['Fortis Hospital Richmond Road', 'Fortis Hospital Rajajinagar, Bangalore']",2025-01-11T18:56:07.754440+00:00,2025-01-11T18:56:07.754441+00:00
Dr.,Drishti Menon,dr..drishti menon@hospital.com,9012345678,ef92b778bafe771e89245b89ecbc08a44a4e166c06659911881f383d4473e94f,Cardiology,Doctor,"[""St Philomena's Hospital"", ""St. Martha's Hospital""]",2025-01-11T18:56:07.754445+00:00,2025-01-11T18:56:07.754446+00:00
Dr.,Ela Iyer,dr..ela iyer@hospital.com,9012345678,ef92b778bafe771e89245b89ecbc08a44a4e166c06659911881f383d4473e94f,Cardiology,Doctor,"['Manipal Hospitals Jayanagar', ""St Philomena's Hospital""]",2025-01-11T18:56:07.754449+00:00,2025-01-11T18:56:07.754450+00:00
Dr.,Eshika Joshi,dr..eshika joshi@hospital.com,9012345678,ef92b778bafe771e89245b89ecbc08a44a4e166c06659911881f383d4473e94f,Cardiology,Doctor,"['Fortis Hospital Cunningham Road', 'Apollo Spectra Hospitals']",2025-01-11T18:56:07.754453+00:00,2025-01-11T18:56:07.754454+00:00
Dr.,Geetika Singh,dr..geetika singh@hospital.com,9012345678,ef92b778bafe771e89245b89ecbc08a44a4e166c06659911881f383d4473e94f,Cardiology,Doctor,"['Fortis Hospital Cunningham Road', 'The Bangalore Hospital']",2025-01-11T18:56:07.754457+00:00,2025-01-11T18:56:07.754458+00:00
Dr.,Gulika Shah,dr..gulika shah@hospital.com,9012345678,ef92b778bafe771e89245b89ecbc08a44a4e166c06659911881f383d4473e94f,Cardiology,Doctor,"['Santosh Hospital - Best Multispeciality Hospital in Bangalore', 'Manipal Hospitals Jayanagar']",2025-01-11T18:56:07.754462+00:00,2025-01-11T18:56:07.754463+00:00
Dr.,Hiya Agarwal,dr..hiya agarwal@hospital.com,9012345678,ef92b778bafe771e89245b89ecbc08a44a4e166c06659911881f383d4473e94f,Cardiology,Doctor,"['Fortis Hospital Richmond Road', ""St. Martha's Hospital""]",2025-01-11T18:56:07.754466+00:00,2025-01-11T18:56:07.754467+00:00
Dr.,Hiral Kumar,dr..hiral kumar@hospital.com,9012345678,ef92b778bafe771e89245b89ecbc08a44a4e166c06659911881f383d4473e94f,Cardiology,Doctor,"[""St. Martha's Hospital"", 'Cambridge Fertility']",2025-01-11T18:56:07.754470+00:00,2025-01-11T18:56:07.754471+00:00
Dr.,Ira Nair,dr..ira nair@hospital.com,9012345678,ef92b778bafe771e89245b89ecbc08a44a4e166c06659911881f383d4473e94f,Cardiology,Doctor,"['Santosh Hospital - Best Multispeciality Hospital in Bangalore', 'Apollo Spectra Hospitals']",2025-01-11T18:56:07.754474+00:00,2025-01-11T18:56:07.754475+00:00
Dr.,Ishita Rao,dr..ishita rao@hospital.com,9012345678,ef92b778bafe771e89245b89ecbc08a44a4e166c06659911881f383d4473e94f,Cardiology,Doctor,"['Manipal Hospitals Jayanagar', 'Cambridge Fertility']",2025-01-11T18:56:07.754479+00:00,2025-01-11T18:56:07.754480+00:00
Dr.,Jeevika Sharma,dr..jeevika sharma@hospital.com,9012345678,ef92b778bafe771e89245b89ecbc08a44a4e166c06659911881f383d4473e94f,Cardiology,Doctor,"['Manipal Hospitals Jayanagar', 'Apollo Spectra Hospitals']",2025-01-11T18:56:07.754483+00:00,2025-01-11T18:56:07.754484+00:00
Dr.,Kaia Patel,dr..kaia patel@hospital.com,9012345678,ef92b778bafe771e89245b89ecbc08a44a4e166c06659911881f383d4473e94f,Cardiology,Doctor,"[""St Philomena's Hospital"", 'Fortis Hospital Rajajinagar, Bangalore']",2025-01-11T18:56:07.754487+00:00,2025-01-11T18:56:07.754488+00:00
Dr.,Kashvi Singh,dr..kashvi singh@hospital.com,9012345678,ef92b778bafe771e89245b89ecbc08a44a4e166c06659911881f383d4473e94f,Cardiology,Doctor,"['Santosh Hospital - Best Multispeciality Hospital in Bangalore', 'Fortis Hospital Rajajinagar, Bangalore']",2025-01-11T18:56:07.754492+00:00,2025-01-11T18:56:07.754493+00:00
Dr.,Keya Khanna,dr..keya khanna@hospital.com,9012345678,ef92b778bafe771e89245b89ecbc08a44a4e166c06659911881f383d4473e94f,Neurology,Doctor,"['Ramaiah Memorial Hospital', 'Manipal Hospital Millers Road']",2025-01-11T18:56:07.754496+00:00,2025-01-11T18:56:07.754497+00:00
Dr.,Kimaya Gupta,dr..kimaya gupta@hospital.com,9012345678,ef92b778bafe771e89245b89ecbc08a44a4e166c06659911881f383d4473e94f,Neurology,Doctor,"['Manipal Hospital Hebbal', 'Fortis Hospital Rajajinagar, Bangalore']",2025-01-11T18:56:07.754500+00:00,2025-01-11T18:56:07.754501+00:00
Dr.,Krisha Roy,dr..krisha roy@hospital.com,9012345678,ef92b778bafe771e89245b89ecbc08a44a4e166c06659911881f383d4473e94f,Neurology,Doctor,"['Manipal Hospital Yeshwanthpur', 'Santosh Hospital - Best Multispeciality Hospital in Bangalore']",2025-01-11T18:56:07.754505+00:00,2025-01-11T18:56:07.754506+00:00
Dr.,Larisa Menon,dr..larisa menon@hospital.com,9012345678,ef92b778bafe771e89245b89ecbc08a44a4e166c06659911881f383d4473e94f,Neurology,Doctor,"['Manipal Hospital Yeshwanthpur', 'Manipal Hospital Millers Road']",2025-01-11T18:56:07.754509+00:00,2025-01-11T18:56:07.754510+00:00
Dr.,Laasya Iyer,dr..laasya iyer@hospital.com,9012345678,ef92b778bafe771e89245b89ecbc08a44a4e166c06659911881f383d4473e94f,Neurology,Doctor,"['Ramaiah Memorial Hospital', 'Manipal Hospital Millers Road']",2025-01-11T18:56:07.754513+00:00,2025-01-11T18:56:07.754514+00:00
Dr.,Mahika Joshi,dr..mahika joshi@hospital.com,9012345678,ef92b778bafe771e89245b89ecbc08a44a4e166c06659911881f383d4473e94f,Neurology,Doctor,"['Santosh Hospital - Best Multispeciality Hospital in Bangalore', 'Fortis Hospital Cunningham Road']",2025-01-11T18:56:07.754517+00:00,2025-01-11T18:56:07.754518+00:00
Dr.,Mayra Singh,dr..mayra singh@hospital.com,9012345678,ef92b778bafe771e89245b89ecbc08a44a4e166c06659911881f383d4473e94f,Neurology,Doctor,"['SPARSH Hospital, Infantry Road', 'Fortis Hospital Cunningham Road']",2025-01-11T18:56:07.754522+00:00,2025-01-11T18:56:07.754523+00:00
Dr.,Mehar Shah,dr..mehar shah@hospital.com,9012345678,ef92b778bafe771e89245b89ecbc08a44a4e166c06659911881f383d4473e94f,Neurology,Doctor,"['Ramaiah Memorial Hospital', 'SPARSH Hospital, Infantry Road']",2025-01-11T18:56:07.754526+00:00,2025-01-11T18:56:07.754527+00:00
Dr.,Mirai Agarwal,dr..mirai agarwal@hospital.com,9012345678,ef92b778bafe771e89245b89ecbc08a44a4e166c06659911881f383d4473e94f,Neurology,Doctor,"['Ramaiah Memorial Hospital', 'Apollo Spectra Hospitals']",2025-01-11T18:56:07.754530+00:00,2025-01-11T18:56:07.754531+00:00
Dr.,Mishka Kumar,dr..mishka kumar@hospital.com,9012345678,ef92b778bafe771e89245b89ecbc08a44a4e166c06659911881f383d4473e94f,Neurology,Doctor,"['VSH Hospital', 'Apollo Spectra Hospitals']",2025-01-11T18:56:07.754535+00:00,2025-01-11T18:56:07.754536+00:00
Dr.,Naitee Nair,dr..naitee nair@hospital.com,9012345678,ef92b778bafe771e89245b89ecbc08a44a4e166c06659911881f383d4473e94f,Neurology,Doctor,"['SPARSH Hospital, Infantry Road', 'Manipal Hospital Hebbal']",2025-01-11T18:56:07.754539+00:00,2025-01-11T18:56:07.754540+00:00
Dr.,Navya Rao,dr..navya rao@hospital.com,9012345678,ef92b778bafe771e89245b89ecbc08a44a4e166c06659911881f383d4473e94f,Neurology,Doctor,"['Manipal Hospital Hebbal', 'Fortis Hospital Rajajinagar, Bangalore']",2025-01-11T18:56:07.754543+00:00,2025-01-11T18:56:07.754544+00:00
Dr.,Nyra Sharma,dr..nyra sharma@hospital.com,9012345678,ef92b778bafe771e89245b89ecbc08a44a4e166c06659911881f383d4473e94f,Neurology,Doctor,"['Fortis Hospital Cunningham Road', 'VSH Hospital']",2025-01-11T18:56:07.754547+00:00,2025-01-11T18:56:07.754548+00:00
Dr.,Nehrika Patel,dr..nehrika patel@hospital.com,9012345678,ef92b778bafe771e89245b89ecbc08a44a4e166c06659911881f383d4473e94f,Neurology,Doctor,"['SPARSH Hospital, Infantry Road', 'Fortis Hospital Cunningham Road']",2025-01-11T18:56:07.754552+00:00,2025-01-11T18:56:07.754553+00:00
Dr.,Neysa Singh,dr..neysa singh@hospital.com,9012345678,ef92b778bafe771e89245b89ecbc08a44a4e166c06659911881f383d4473e94f,Neurology,Doctor,"['VSH Hospital', 'Apollo Spectra Hospitals']",2025-01-11T18:56:07.754556+00:00,2025-01-11T18:56:07.754557+00:00
Dr.,Pavati Khanna,dr..pavati khanna@hospital.com,9012345678,ef92b778bafe771e89245b89ecbc08a44a4e166c06659911881f383d4473e94f,Neurology,Doctor,"['Manipal Hospital Yeshwanthpur', 'Manipal Hospital Hebbal']",2025-01-11T18:56:07.754560+00:00,2025-01-11T18:56:07.754561+00:00
Dr.,Prisha Gupta,dr..prisha gupta@hospital.com,9012345678,ef92b778bafe771e89245b89ecbc08a44a4e166c06659911881f383d4473e94f,Neurology,Doctor,"['Manipal Hospital Yeshwanthpur', 'Apollo Spectra Hospitals']",2025-01-11T18:56:07.754564+00:00,2025-01-11T18:56:07.754565+00:00
Dr.,Ryka Roy,dr..ryka roy@hospital.com,9012345678,ef92b778bafe771e89245b89ecbc08a44a4e166c06659911881f383d4473e94f,Neurology,Doctor,"['Manipal Hospital Millers Road', 'Santosh Hospital - Best Multispeciality Hospital in Bangalore']",2025-01-11T18:56:07.754568+00:00,2025-01-11T18:56:07.754569+00:00
Dr.,Rebecca Menon,dr..rebecca menon@hospital.com,9012345678,ef92b778bafe771e89245b89ecbc08a44a4e166c06659911881f383d4473e94f,Neurology,Doctor,"['Santosh Hospital - Best Multispeciality Hospital in Bangalore', 'Fortis Hospital Rajajinagar, Bangalore']",2025-01-11T18:56:07.754573+00:00,2025-01-11T18:56:07.754574+00:00
Dr.,Saanvi Iyer,dr..saanvi iyer@hospital.com,9012345678,ef92b778bafe771e89245b89ecbc08a44a4e166c06659911881f383d4473e94f,Neurology,Doctor,"['VSH Hospital', 'Fortis Hospital Rajajinagar, Bangalore']",2025-01-11T18:56:07.754577+00:00,2025-01-11T18:56:07.754578+00:00
Dr.,Sahana Joshi,dr..sahana joshi@hospital.com,9012345678,ef92b778bafe771e89245b89ecbc08a44a4e166c06659911881f383d4473e94f,Orthopedics,Doctor,"['The Bangalore Hospital', 'Apollo Spectra Hospitals']",2025-01-11T18:56:07.754582+00:00,2025-01-11T18:56:07.754583+00:00
Dr.,Sai Singh,dr..sai singh@hospital.com,9012345678,ef92b778bafe771e89245b89ecbc08a44a4e166c06659911881f383d4473e94f,Orthopedics,Doctor,"['Ramaiah Memorial Hospital', 'Manipal Hospitals Jayanagar']",2025-01-11T18:56:07.754586+00:00,2025-01-11T18:56:07.754587+00:00
Dr.,Saisha Shah,dr..saisha shah@hospital.com,9012345678,ef92b778bafe771e89245b89ecbc08a44a4e166c06659911881f383d4473e94f,Orthopedics,Doctor,"['SPARSH Hospital, Infantry Road', 'Santosh Hospital - Best Multispeciality Hospital in Bangalore']",2025-01-11T18:56:07.754590+00:00,2025-01-11T18:56:07.754591+00:00
Dr.,Saira Agarwal,dr..saira agarwal@hospital.com,9012345678,ef92b778bafe771e89245b89ecbc08a44a4e166c06659911881f383d4473e94f,Orthopedics,Doctor,"['Fortis Hospital Cunningham Road', 'Apollo Spectra Hospitals']",2025-01-11T18:56:07.754598+00:00,2025-01-11T18:56:07.754599+00:00
Dr.,Saloni Kumar,dr..saloni kumar@hospital.com,9012345678,ef92b778bafe771e89245b89ecbc08a44a4e166c06659911881f383d4473e94f,Orthopedics,Doctor,"['SPARSH Hospital, Infantry Road', 'The Bangalore Hospital']",2025-01-11T18:56:07.754603+00:00,2025-01-11T18:56:07.754604+00:00
Dr.,Shanaya Nair,dr..shanaya nair@hospital.com,9012345678,ef92b778bafe771e89245b89ecbc08a44a4e166c06659911881f383d4473e94f,Orthopedics,Doctor,"['Santosh Hospital - Best Multispeciality Hospital in Bangalore', ""St Philomena's Hospital""]",2025-01-11T18:56:07.754607+00:00,2025-01-11T18:56:07.754608+00:00
Dr.,Shrishti Rao,dr..shrishti rao@hospital.com,9012345678,ef92b778bafe771e89245b89ecbc08a44a4e166c06659911881f383d4473e94f,Orthopedics,Doctor,"['Manipal Hospital Millers Road', 'Manipal Hospitals Jayanagar']",2025-01-11T18:56:07.754611+00:00,2025-01-11T18:56:07.754612+00:00
Dr.,Sneha Sharma,dr..sneha sharma@hospital.com,9012345678,ef92b778bafe771e89245b89ecbc08a44a4e166c06659911881f383d4473e94f,Orthopedics,Doctor,"['Ramaiah Memorial Hospital', 'SPARSH Hospital, Infantry Road']",2025-01-11T18:56:07.754615+00:00,2025-01-11T18:56:07.754617+00:00
Dr.,Turvi Patel,dr..turvi patel@hospital.com,9012345678,ef92b778bafe771e89245b89ecbc08a44a4e166c06659911881f383d4473e94f,Orthopedics,Doctor,"['Manipal Hospital Millers Road', 'Fortis Hospital Cunningham Road']",2025-01-11T18:56:07.754620+00:00,2025-01-11T18:56:07.754621+00:00
Dr.,Taahira Singh,dr..taahira singh@hospital.com,9012345678,ef92b778bafe771e89245b89ecbc08a44a4e166c06659911881f383d4473e94f,Orthopedics,Doctor,"['Ramaiah Memorial Hospital', 'Fortis Hospital Cunningham Road']",2025-01-11T18:56:07.754633+00:00,2025-01-11T18:56:07.754634+00:00
Dr.,Taara Khanna,dr..taara khanna@hospital.com,9012345678,ef92b778bafe771e89245b89ecbc08a44a4e166c06659911881f383d4473e94f,Orthopedics,Doctor,"['Fortis Hospital, Bannerghatta Road']",2025-01-11T18:56:07.754637+00:00,2025-01-11T18:56:07.754638+00:00
Dr.,Tanvi Gupta,dr..tanvi gupta@hospital.com,9012345678,ef92b778bafe771e89245b89ecbc08a44a4e166c06659911881f383d4473e94f,Orthopedics,Doctor,"['Ramaiah Memorial Hospital', ""St Philomena's Hospital""]",2025-01-11T18:56:07.754641+00:00,2025-01-11T18:56:07.754642+00:00
Dr.,Viti Roy,dr..viti roy@hospital.com,9012345678,ef92b778bafe771e89245b89ecbc08a44a4e166c06659911881f383d4473e94f,Orthopedics,Doctor,"['Manipal Hospitals Jayanagar', 'Apollo Spectra Hospitals']",2025-01-11T18:56:07.754646+00:00,2025-01-11T18:56:07.754646+00:00
Dr.,Zara Menon,dr..zara menon@hospital.com,9012345678,ef92b778bafe771e89245b89ecbc08a44a4e166c06659911881f383d4473e94f,Orthopedics,Doctor,"['Manipal Hospital Millers Road', 'Manipal Hospitals Jayanagar']",2025-01-11T18:56:07.754650+00:00,2025-01-11T18:56:07.754651+00:00
Dr.,Aagya Iyer,dr..aagya iyer@hospital.com,9012345678,ef92b778bafe771e89245b89ecbc08a44a4e166c06659911881f383d4473e94f,Orthopedics,Doctor,"['Apollo Spectra Hospitals', 'Fortis Hospital, Bannerghatta Road']",2025-01-11T18:56:07.754654+00:00,2025-01-11T18:56:07.754655+00:00
Dr.,Aaina Joshi,dr..aaina joshi@hospital.com,9012345678,ef92b778bafe771e89245b89ecbc08a44a4e166c06659911881f383d4473e94f,Orthopedics,Doctor,"['Fortis Hospital Cunningham Road', ""St Philomena's Hospital""]",2025-01-11T18:56:07.754658+00:00,2025-01-11T18:56:07.754659+00:00
Dr.,Aas Singh,dr..aas singh@hospital.com,9012345678,ef92b778bafe771e89245b89ecbc08a44a4e166c06659911881f383d4473e94f,Orthopedics,Doctor,"['Manipal Hospital Millers Road', 'Santosh Hospital - Best Multispeciality Hospital in Bangalore']",2025-01-11T18:56:07.754663+00:00,2025-01-11T18:56:07.754664+00:00
Dr.,Akaljeet Shah,dr..akaljeet shah@hospital.com,9012345678,ef92b778bafe771e89245b89ecbc08a44a4e166c06659911881f383d4473e94f,Orthopedics,Doctor,"[""St Philomena's Hospital"", 'Fortis Hospital, Bannerghatta Road']",2025-01-11T18:56:07.754667+00:00,2025-01-11T18:56:07.754668+00:00
Dr.,Amanroop Agarwal,dr..amanroop agarwal@hospital.com,9012345678,ef92b778bafe771e89245b89ecbc08a44a4e166c06659911881f383d4473e94f,Orthopedics,Doctor,"['Santosh Hospital - Best Multispeciality Hospital in Bangalore', 'The Bangalore Hospital']",2025-01-11T18:56:07.754673+00:00,2025-01-11T18:56:07.754674+00:00
Dr.,Anika Kumar,dr..anika kumar@hospital.com,9012345678,ef92b778bafe771e89245b89ecbc08a44a4e166c06659911881f383d4473e94f,Orthopedics,Doctor,"['SPARSH Hospital, Infantry Road', 'The Bangalore Hospital']",2025-01-11T18:56:07.754677+00:00,2025-01-11T18:56:07.754679+00:00
Dr.,Birva Nair,dr..birva nair@hospital.com,9012345678,ef92b778bafe771e89245b89ecbc08a44a4e166c06659911881f383d4473e94f,Gynaecology,Doctor,"['The Bangalore Hospital', 'South City Hospital']",2025-01-11T18:56:07.754682+00:00,2025-01-11T18:56:07.754683+00:00
Dr.,Bisanpreet Rao,dr..bisanpreet rao@hospital.com,9012345678,ef92b778bafe771e89245b89ecbc08a44a4e166c06659911881f383d4473e94f,Gynaecology,Doctor,"['Manipal Hospital Yeshwanthpur', 'Fortis Hospital Rajajinagar, Bangalore']",2025-01-11T18:56:07.754686+00:00,2025-01-11T18:56:07.754687+00:00
Dr.,Charanpreet Sharma,dr..charanpreet sharma@hospital.com,9012345678,ef92b778bafe771e89245b89ecbc08a44a4e166c06659911881f383d4473e94f,Gynaecology,Doctor,"['VSH Hospital', 'Suguna Hospital']",2025-01-11T18:56:07.754691+00:00,2025-01-11T18:56:07.754691+00:00
Dr.,Dilreet Patel,dr..dilreet patel@hospital.com,9012345678,ef92b778bafe771e89245b89ecbc08a44a4e166c06659911881f383d4473e94f,Gynaecology,Doctor,"['North Bangalore Hospital', 'Manipal Hospital Varthur Road']",2025-01-11T18:56:07.754695+00:00,2025-01-11T18:56:07.754696+00:00
Dr.,Ekkam Singh,dr..ekkam singh@hospital.com,9012345678,ef92b778bafe771e89245b89ecbc08a44a4e166c06659911881f383d4473e94f,Gynaecology,Doctor,"['Manipal Hospital Hebbal', 'VSH Hospital']",2025-01-11T18:56:07.754699+00:00,2025-01-11T18:56:07.754700+00:00
Dr.,Faal Khanna,dr..faal khanna@hospital.com,9012345678,ef92b778bafe771e89245b89ecbc08a44a4e166c06659911881f383d4473e94f,Gynaecology,Doctor,"['North Bangalore Hospital', 'Manipal Hospital Varthur Road']",2025-01-11T18:56:07.754705+00:00,2025-01-11T18:56:07.754706+00:00
Dr.,Gurleen Gupta,dr..gurleen gupta@hospital.com,9012345678,ef92b778bafe771e89245b89ecbc08a44a4e166c06659911881f383d4473e94f,Gynaecology,Doctor,"['Manipal Hospital Yeshwanthpur', 'Fortis Hospital Richmond Road']",2025-01-11T18:56:07.754710+00:00,2025-01-11T18:56:07.754712+00:00
Dr.,Gurmeet Roy,dr..gurmeet roy@hospital.com,9012345678,ef92b778bafe771e89245b89ecbc08a44a4e166c06659911881f383d4473e94f,Gynaecology,Doctor,"['VSH Hospital', 'Suguna Hospital']",2025-01-11T18:56:07.754715+00:00,2025-01-11T18:56:07.754716+00:00
Dr.,Heer Menon,dr..heer menon@hospital.com,9012345678,ef92b778bafe771e89245b89ecbc08a44a4e166c06659911881f383d4473e94f,Gynaecology,Doctor,"['The Bangalore Hospital', 'Manipal Hospital Varthur Road']",2025-01-11T18:56:07.754719+00:00,2025-01-11T18:56:07.754720+00:00
Dr.,Harleen Iyer,dr..harleen iyer@hospital.com,9012345678,ef92b778bafe771e89245b89ecbc08a44a4e166c06659911881f383d4473e94f,Gynaecology,Doctor,"['Fortis Hospital Richmond Road', 'North Bangalore Hospital']",2025-01-11T18:56:07.754723+00:00,2025-01-11T18:56:07.754724+00:00
Dr.,Harveen Joshi,dr..harveen joshi@hospital.com,9012345678,ef92b778bafe771e89245b89ecbc08a44a4e166c06659911881f383d4473e94f,Gynaecology,Doctor,"['Manipal Hospital Yeshwanthpur', 'Fortis Hospital Richmond Road']",2025-01-11T18:56:07.754727+00:00,2025-01-11T18:56:07.754728+00:00
Dr.,Ikamroop Singh,dr..ikamroop singh@hospital.com,9012345678,ef92b778bafe771e89245b89ecbc08a44a4e166c06659911881f383d4473e94f,Gynaecology,Doctor,"['Manipal Hospital Yeshwanthpur', 'South City Hospital']",2025-01-11T18:56:07.754732+00:00,2025-01-11T18:56:07.754732+00:00
Dr.,Isha Shah,dr..isha shah@hospital.com,9012345678,ef92b778bafe771e89245b89ecbc08a44a4e166c06659911881f383d4473e94f,Gynaecology,Doctor,"['Fortis Hospital Rajajinagar, Bangalore', 'South City Hospital']",2025-01-11T18:56:07.754736+00:00,2025-01-11T18:56:07.754737+00:00
Dr.,Ishmeet Agarwal,dr..ishmeet agarwal@hospital.com,9012345678,ef92b778bafe771e89245b89ecbc08a44a4e166c06659911881f383d4473e94f,Gynaecology,Doctor,"['Fortis Hospital Rajajinagar, Bangalore', 'Manipal Hospital Varthur Road']",2025-01-11T18:56:07.754740+00:00,2025-01-11T18:56:07.754741+00:00
Dr.,Katiya Kumar,dr..katiya kumar@hospital.com,9012345678,ef92b778bafe771e89245b89ecbc08a44a4e166c06659911881f383d4473e94f,Gynaecology,Doctor,"['Manipal Hospital Hebbal', 'The Bangalore Hospital']",2025-01-11T18:56:07.754744+00:00,2025-01-11T18:56:07.754745+00:00
Dr.,Mehr Nair,dr..mehr nair@hospital.com,9012345678,ef92b778bafe771e89245b89ecbc08a44a4e166c06659911881f383d4473e94f,Gynaecology,Doctor,"['VSH Hospital', 'The Bangalore Hospital']",2025-01-11T18:56:07.754748+00:00,2025-01-11T18:56:07.754749+00:00
Dr.,Nihaara Rao,dr..nihaara rao@hospital.com,9012345678,ef92b778bafe771e89245b89ecbc08a44a4e166c06659911881f383d4473e94f,Gynaecology,Doctor,"['North Bangalore Hospital', 'Suguna Hospital']",2025-01-11T18:56:07.754752+00:00,2025-01-11T18:56:07.754753+00:00
Dr.,Paakhi Sharma,dr..paakhi sharma@hospital.com,9012345678,ef92b778bafe771e89245b89ecbc08a44a4e166c06659911881f383d4473e94f,Gynaecology,Doctor,"['Fortis Hospital Richmond Road', 'South City Hospital']",2025-01-11T18:56:07.754757+00:00,2025-01-11T18:56:07.754758+00:00
Dr.,Parminder Patel,dr..parminder patel@hospital.com,9012345678,ef92b778bafe771e89245b89ecbc08a44a4e166c06659911881f383d4473e94f,Gynaecology,Doctor,"['Manipal Hospital Hebbal', 'Fortis Hospital Rajajinagar, Bangalore']",2025-01-11T18:56:07.754762+00:00,2025-01-11T18:56:07.754763+00:00
Dr.,Simrat Singh,dr..simrat singh@hospital.com,9012345678,ef92b778bafe771e89245b89ecbc08a44a4e166c06659911881f383d4473e94f,Gynaecology,Doctor,"['Manipal Hospital Hebbal', 'Suguna Hospital']",2025-01-11T18:56:07.754766+00:00,2025-01-11T18:56:07.754767+00:00
Dr.,Sukhdeep Khanna,dr..sukhdeep khanna@hospital.com,9012345678,ef92b778bafe771e89245b89ecbc08a44a4e166c06659911881f383d4473e94f,Dermatology,Doctor,"['Manipal Hospital Millers Road', 'Re life hospital- best multispeciality hospital in bangalore']",2025-01-11T18:56:07.754774+00:00,2025-01-11T18:56:07.754775+00:00
Dr.,Sukhleen Gupta,dr..sukhleen gupta@hospital.com,9012345678,ef92b778bafe771e89245b89ecbc08a44a4e166c06659911881f383d4473e94f,Dermatology,Doctor,"['Ramaiah Memorial Hospital', 'SPARSH Hospital, Infantry Road']",2025-01-11T18:56:07.754778+00:00,2025-01-11T18:56:07.754779+00:00
Dr.,Shirina Roy,dr..shirina roy@hospital.com,9012345678,ef92b778bafe771e89245b89ecbc08a44a4e166c06659911881f383d4473e94f,Dermatology,Doctor,"['Re life hospital- best multispeciality hospital in bangalore', 'Suguna Hospital']",2025-01-11T18:56:07.754787+00:00,2025-01-11T18:56:07.754788+00:00
Dr.,Tavleen Menon,dr..tavleen menon@hospital.com,9012345678,ef92b778bafe771e89245b89ecbc08a44a4e166c06659911881f383d4473e94f,Dermatology,Doctor,"['Suguna Hospital', 'United Hospital - Best Surgical Hospital in Jayanagar']",2025-01-11T18:56:07.754791+00:00,2025-01-11T18:56:07.754792+00:00
Dr.,Ami Iyer,dr..ami iyer@hospital.com,9012345678,ef92b778bafe771e89245b89ecbc08a44a4e166c06659911881f383d4473e94f,Dermatology,Doctor,"['Manipal Hospital Millers Road', 'Re life hospital- best multispeciality hospital in bangalore']",2025-01-11T18:56:07.754795+00:00,2025-01-11T18:56:07.754796+00:00
Dr.,Askini Joshi,dr..askini joshi@hospital.com,9012345678,ef92b778bafe771e89245b89ecbc08a44a4e166c06659911881f383d4473e94f,Dermatology,Doctor,"['Suguna Hospital', 'United Hospital - Best Surgical Hospital in Jayanagar']",2025-01-11T18:56:07.754800+00:00,2025-01-11T18:56:07.754801+00:00
Dr.,Anvi Singh,dr..anvi singh@hospital.com,9012345678,ef92b778bafe771e89245b89ecbc08a44a4e166c06659911881f383d4473e94f,Dermatology,Doctor,"['Fortis Hospital Rajajinagar, Bangalore', 'LIFE CARE HOSPITAL- LCH® | Best hospital in BTM layout Bangalore | 24X7 Emergency Service']",2025-01-11T18:56:07.754804+00:00,2025-01-11T18:56:07.754805+00:00
Dr.,Bandhini Shah,dr..bandhini shah@hospital.com,9012345678,ef92b778bafe771e89245b89ecbc08a44a4e166c06659911881f383d4473e94f,Dermatology,Doctor,"['LIFE CARE HOSPITAL- LCH® | Best hospital in BTM layout Bangalore | 24X7 Emergency Service', 'United Hospital - Best Surgical Hospital in Jayanagar']",2025-01-11T18:56:07.754808+00:00,2025-01-11T18:56:07.754809+00:00
Dr.,Bansari Agarwal,dr..bansari agarwal@hospital.com,9012345678,ef92b778bafe771e89245b89ecbc08a44a4e166c06659911881f383d4473e94f,Dermatology,Doctor,"['SPARSH Hospital, Infantry Road', 'Fortis Hospital Rajajinagar, Bangalore']",2025-01-11T18:56:07.754812+00:00,2025-01-11T18:56:07.754813+00:00
Dr.,Charmi Kumar,dr..charmi kumar@hospital.com,9012345678,ef92b778bafe771e89245b89ecbc08a44a4e166c06659911881f383d4473e94f,Dermatology,Doctor,"['SPARSH Hospital, Infantry Road', 'North Bangalore Hospital']",2025-01-11T18:56:07.754816+00:00,2025-01-11T18:56:07.754817+00:00
Dr.,Chavi Nair,dr..chavi nair@hospital.com,9012345678,ef92b778bafe771e89245b89ecbc08a44a4e166c06659911881f383d4473e94f,Dermatology,Doctor,"['Fortis Hospital Rajajinagar, Bangalore', 'Cambridge Fertility']",2025-01-11T18:56:07.754820+00:00,2025-01-11T18:56:07.754821+00:00
Dr.,Charul Rao,dr..charul rao@hospital.com,9012345678,ef92b778bafe771e89245b89ecbc08a44a4e166c06659911881f383d4473e94f,Dermatology,Doctor,"['North Bangalore Hospital', 'Suguna Hospital']",2025-01-11T18:56:07.754825+00:00,2025-01-11T18:56:07.754825+00:00
Dr.,Drisna Sharma,dr..drisna sharma@hospital.com,9012345678,ef92b778bafe771e89245b89ecbc08a44a4e166c06659911881f383d4473e94f,Dermatology,Doctor,"['Manipal Hospital Millers Road', 'LIFE CARE HOSPITAL- LCH® | Best hospital in BTM layout Bangalore | 24X7 Emergency Service']",2025-01-11T18:56:07.754829+00:00,2025-01-11T18:56:07.754830+00:00
Dr.,Dhara Patel,dr..dhara patel@hospital.com,9012345678,ef92b778bafe771e89245b89ecbc08a44a4e166c06659911881f383d4473e94f,Dermatology,Doctor,"['Cambridge Fertility', 'United Hospital - Best Surgical Hospital in Jayanagar']",2025-01-11T18:56:07.754833+00:00,2025-01-11T18:56:07.754834+00:00
Dr.,Dhruvi Singh,dr..dhruvi singh@hospital.com,9012345678,ef92b778bafe771e89245b89ecbc08a44a4e166c06659911881f383d4473e94f,Dermatology,Doctor,"['North Bangalore Hospital', 'LIFE CARE HOSPITAL- LCH® | Best hospital in BTM layout Bangalore | 24X7 Emergency Service']",2025-01-11T18:56:07.754837+00:00,2025-01-11T18:56:07.754838+00:00
Dr.,Jaisnavi Khanna,dr..jaisnavi khanna@hospital.com,9012345678,ef92b778bafe771e89245b89ecbc08a44a4e166c06659911881f383d4473e94f,Dermatology,Doctor,"['Ramaiah Memorial Hospital', 'SPARSH Hospital, Infantry Road']",2025-01-11T18:56:07.754842+00:00,2025-01-11T18:56:07.754843+00:00
Dr.,Inika Gupta,dr..inika gupta@hospital.com,9012345678,ef92b778bafe771e89245b89ecbc08a44a4e166c06659911881f383d4473e94f,Dermatology,Doctor,"['Manipal Hospital Millers Road', 'North Bangalore Hospital']",2025-01-11T18:56:07.754846+00:00,2025-01-11T18:56:07.754847+00:00
Dr.,Vaidarbhi Roy,dr..vaidarbhi roy@hospital.com,9012345678,ef92b778bafe771e89245b89ecbc08a44a4e166c06659911881f383d4473e94f,Dermatology,Doctor,"['Ramaiah Memorial Hospital', 'Cambridge Fertility']",2025-01-11T18:56:07.754850+00:00,2025-01-11T18:56:07.754851+00:00
Dr.,Ujas Menon,dr..ujas menon@hospital.com,9012345678,ef92b778bafe771e89245b89ecbc08a44a4e166c06659911881f383d4473e94f,Dermatology,Doctor,"['Re life hospital- best multispeciality hospital in bangalore', 'Cambridge Fertility']",2025-01-11T18:56:07.754859+00:00,2025-01-11T18:56:07.754860+00:00
Dr.,Urvashi Iyer,dr..urvashi iyer@hospital.com,9012345678,ef92b778bafe771e89245b89ecbc08a44a4e166c06659911881f383d4473e94f,Dermatology,Doctor,"['Ramaiah Memorial Hospital', 'Fortis Hospital Rajajinagar, Bangalore']",2025-01-11T18:56:07.754863+00:00,2025-01-11T18:56:07.754864+00:00
Dr.,Unnati Joshi,dr..unnati joshi@hospital.com,9012345678,ef92b778bafe771e89245b89ecbc08a44a4e166c06659911881f383d4473e94f,Pediatrics,Doctor,"['SPARSH Hospital, Infantry Road', 'Manipal Hospitals Jayanagar']",2025-01-11T18:56:07.754867+00:00,2025-01-11T18:56:07.754868+00:00
Dr.,Tejshri Singh,dr..tejshri singh@hospital.com,9012345678,ef92b778bafe771e89245b89ecbc08a44a4e166c06659911881f383d4473e94f,Pediatrics,Doctor,"['Fortis Hospital Cunningham Road', ""St Philomena's Hospital""]",2025-01-11T18:56:07.754871+00:00,2025-01-11T18:56:07.754872+00:00
Dr.,Tapti Shah,dr..tapti shah@hospital.com,9012345678,ef92b778bafe771e89245b89ecbc08a44a4e166c06659911881f383d4473e94f,Pediatrics,Doctor,"['Santosh Hospital - Best Multispeciality Hospital in Bangalore', 'Fortis Hospital Cunningham Road']",2025-01-11T18:56:07.754876+00:00,2025-01-11T18:56:07.754876+00:00
Dr.,Smita Agarwal,dr..smita agarwal@hospital.com,9012345678,ef92b778bafe771e89245b89ecbc08a44a4e166c06659911881f383d4473e94f,Pediatrics,Doctor,"[""St Philomena's Hospital"", 'Apollo Hospitals Bannerghatta']",2025-01-11T18:56:07.754880+00:00,2025-01-11T18:56:07.754881+00:00
Dr.,Shriha Kumar,dr..shriha kumar@hospital.com,9012345678,ef92b778bafe771e89245b89ecbc08a44a4e166c06659911881f383d4473e94f,Pediatrics,Doctor,[],2025-01-11T18:56:07.754891+00:00,2025-01-11T18:56:07.754892+00:00
Dr.,Shivanya Nair,dr..shivanya nair@hospital.com,9012345678,ef92b778bafe771e89245b89ecbc08a44a4e166c06659911881f383d4473e94f,Pediatrics,Doctor,"['Manipal Hospitals Jayanagar', 'Apollo Hospitals Bannerghatta']",2025-01-11T18:56:07.754895+00:00,2025-01-11T18:56:07.754896+00:00
Dr.,Shivali Rao,dr..shivali rao@hospital.com,9012345678,ef92b778bafe771e89245b89ecbc08a44a4e166c06659911881f383d4473e94f,Pediatrics,Doctor,"['VSH Hospital', 'Manipal Hospitals Jayanagar']",2025-01-11T18:56:07.754900+00:00,2025-01-11T18:56:07.754901+00:00
Dr.,Sharayu Sharma,dr..sharayu sharma@hospital.com,9012345678,ef92b778bafe771e89245b89ecbc08a44a4e166c06659911881f383d4473e94f,Pediatrics,Doctor,"['Santosh Hospital - Best Multispeciality Hospital in Bangalore', 'Fortis Hospital Cunningham Road']",2025-01-11T18:56:07.754904+00:00,2025-01-11T18:56:07.754905+00:00
Dr.,Saundarya Patel,dr..saundarya patel@hospital.com,9012345678,ef92b778bafe771e89245b89ecbc08a44a4e166c06659911881f383d4473e94f,Pediatrics,Doctor,"['Santosh Hospital - Best Multispeciality Hospital in Bangalore', 'Manipal Hospital Varthur Road']",2025-01-11T18:56:07.754912+00:00,2025-01-11T18:56:07.754914+00:00
Dr.,Riya Singh,dr..riya singh@hospital.com,9012345678,ef92b778bafe771e89245b89ecbc08a44a4e166c06659911881f383d4473e94f,Pediatrics,Doctor,"['Manipal Hospital Varthur Road', 'Apollo Hospitals Bannerghatta']",2025-01-11T18:56:07.754918+00:00,2025-01-11T18:56:07.754919+00:00
Dr.,Riva Khanna,dr..riva khanna@hospital.com,9012345678,ef92b778bafe771e89245b89ecbc08a44a4e166c06659911881f383d4473e94f,Pediatrics,Doctor,"['SPARSH Hospital, Infantry Road', 'Santosh Hospital - Best Multispeciality Hospital in Bangalore']",2025-01-11T18:56:07.754922+00:00,2025-01-11T18:56:07.754923+00:00
Dr.,Rimjhim Gupta,dr..rimjhim gupta@hospital.com,9012345678,ef92b778bafe771e89245b89ecbc08a44a4e166c06659911881f383d4473e94f,Pediatrics,Doctor,"['SPARSH Hospital, Infantry Road', 'VSH Hospital']",2025-01-11T18:56:07.754927+00:00,2025-01-11T18:56:07.754928+00:00
Dr.,Ridhi Roy,dr..ridhi roy@hospital.com,9012345678,ef92b778bafe771e89245b89ecbc08a44a4e166c06659911881f383d4473e94f,Pediatrics,Doctor,"['VSH Hospital', 'Apollo Hospitals Bannerghatta']",2025-01-11T18:56:07.754931+00:00,2025-01-11T18:56:07.754932+00:00
Dr.,Prachi Menon,dr..prachi menon@hospital.com,9012345678,ef92b778bafe771e89245b89ecbc08a44a4e166c06659911881f383d4473e94f,Pediatrics,Doctor,"['LIFE CARE HOSPITAL- LCH® | Best hospital in BTM layout Bangalore | 24X7 Emergency Service', 'Manipal Hospital Varthur Road']",2025-01-11T18:56:07.754935+00:00,2025-01-11T18:56:07.754937+00:00
Dr.,Parina Iyer,dr..parina iyer@hospital.com,9012345678,ef92b778bafe771e89245b89ecbc08a44a4e166c06659911881f383d4473e94f,Pediatrics,Doctor,"['Fortis Hospital Cunningham Road', ""St Philomena's Hospital""]",2025-01-11T18:56:07.754940+00:00,2025-01-11T18:56:07.754941+00:00
Dr.,Pallavi Joshi,dr..pallavi joshi@hospital.com,9012345678,ef92b778bafe771e89245b89ecbc08a44a4e166c06659911881f383d4473e94f,Pediatrics,Doctor,"['Manipal Hospital Yeshwanthpur', 'Fortis Hospital Richmond Road']",2025-01-11T18:56:07.754944+00:00,2025-01-11T18:56:07.754945+00:00
Dr.,Niyati Singh,dr..niyati singh@hospital.com,9012345678,ef92b778bafe771e89245b89ecbc08a44a4e166c06659911881f383d4473e94f,Pediatrics,Doctor,"['Manipal Hospitals Jayanagar', 'LIFE CARE HOSPITAL- LCH® | Best hospital in BTM layout Bangalore | 24X7 Emergency Service']",2025-01-11T18:56:07.754970+00:00,2025-01-11T18:56:07.754971+00:00
Dr.,Nisha Shah,dr..nisha shah@hospital.com,9012345678,ef92b778bafe771e89245b89ecbc08a44a4e166c06659911881f383d4473e94f,Pediatrics,Doctor,"['LIFE CARE HOSPITAL- LCH® | Best hospital in BTM layout Bangalore | 24X7 Emergency Service', 'Manipal Hospital Varthur Road']",2025-01-11T18:56:07.754974+00:00,2025-01-11T18:56:07.754975+00:00
Dr.,Nirali Agarwal,dr..nirali agarwal@hospital.com,9012345678,ef92b778bafe771e89245b89ecbc08a44a4e166c06659911881f383d4473e94f,Pediatrics,Doctor,"['SPARSH Hospital, Infantry Road', 'VSH Hospital']",2025-01-11T18:56:07.754979+00:00,2025-01-11T18:56:07.754980+00:00
Dr.,Navika Kumar,dr..navika kumar@hospital.com,9012345678,ef92b778bafe771e89245b89ecbc08a44a4e166c06659911881f383d4473e94f,Pediatrics,Doctor,"[""St Philomena's Hospital"", 'LIFE CARE HOSPITAL- LCH® | Best hospital in BTM layout Bangalore | 24X7 Emergency Service']",2025-01-11T18:56:07.754983+00:00,2025-01-11T18:56:07.754984+00:00
Dr.,Neela Nair,dr..neela nair@hospital.com,9012345678,ef92b778bafe771e89245b89ecbc08a44a4e166c06659911881f383d4473e94f,ENT,Doctor,"['Manipal Hospital Yeshwanthpur', 'Santosh Hospital - Best Multispeciality Hospital in Bangalore']",2025-01-11T18:56:07.754987+00:00,2025-01-11T18:56:07.754988+00:00
Dr.,Mayuri Rao,dr..mayuri rao@hospital.com,9012345678,ef92b778bafe771e89245b89ecbc08a44a4e166c06659911881f383d4473e94f,ENT,Doctor,"['Santosh Hospital - Best Multispeciality Hospital in Bangalore', 'North Bangalore Hospital']",2025-01-11T18:56:07.754992+00:00,2025-01-11T18:56:07.754993+00:00
Dr.,Manya Sharma,dr..manya sharma@hospital.com,9012345678,ef92b778bafe771e89245b89ecbc08a44a4e166c06659911881f383d4473e94f,ENT,Doctor,"['Fortis Hospital Richmond Road', 'Fortis Hospital Rajajinagar, Bangalore']",2025-01-11T18:56:07.754996+00:00,2025-01-11T18:56:07.754997+00:00
Dr.,Manavi Patel,dr..manavi patel@hospital.com,9012345678,ef92b778bafe771e89245b89ecbc08a44a4e166c06659911881f383d4473e94f,ENT,Doctor,"['Manipal Hospital Hebbal', 'Fortis Hospital, Bannerghatta Road']",2025-01-11T18:56:07.755000+00:00,2025-01-11T18:56:07.755001+00:00
Dr.,Apsara Singh,dr..apsara singh@hospital.com,9012345678,ef92b778bafe771e89245b89ecbc08a44a4e166c06659911881f383d4473e94f,ENT,Doctor,"['Santosh Hospital - Best Multispeciality Hospital in Bangalore', 'Manipal Hospitals Jayanagar']",2025-01-11T18:56:07.755004+00:00,2025-01-11T18:56:07.755005+00:00
Dr.,Anuja Khanna,dr..anuja khanna@hospital.com,9012345678,ef92b778bafe771e89245b89ecbc08a44a4e166c06659911881f383d4473e94f,ENT,Doctor,"['Fortis Hospital Richmond Road', 'Fortis Hospital Rajajinagar, Bangalore']",2025-01-11T18:56:07.755009+00:00,2025-01-11T18:56:07.755010+00:00
Dr.,Arohi Gupta,dr..arohi gupta@hospital.com,9012345678,ef92b778bafe771e89245b89ecbc08a44a4e166c06659911881f383d4473e94f,ENT,Doctor,"['Fortis Hospital Richmond Road', 'North Bangalore Hospital']",2025-01-11T18:56:07.755013+00:00,2025-01-11T18:56:07.755014+00:00
Dr.,Bhakti Roy,dr..bhakti roy@hospital.com,9012345678,ef92b778bafe771e89245b89ecbc08a44a4e166c06659911881f383d4473e94f,ENT,Doctor,"['Ramaiah Memorial Hospital', 'North Bangalore Hospital']",2025-01-11T18:56:07.755017+00:00,2025-01-11T18:56:07.755018+00:00
Dr.,Bharati Menon,dr..bharati menon@hospital.com,9012345678,ef92b778bafe771e89245b89ecbc08a44a4e166c06659911881f383d4473e94f,ENT,Doctor,"['Manipal Hospitals Jayanagar', 'Fortis Hospital Rajajinagar, Bangalore']",2025-01-11T18:56:07.755021+00:00,2025-01-11T18:56:07.755022+00:00
Dr.,Charulata Iyer,dr..charulata iyer@hospital.com,9012345678,ef92b778bafe771e89245b89ecbc08a44a4e166c06659911881f383d4473e94f,ENT,Doctor,"['Ramaiah Memorial Hospital', 'LIFE CARE HOSPITAL- LCH® | Best hospital in BTM layout Bangalore | 24X7 Emergency Service']",2025-01-11T18:56:07.755026+00:00,2025-01-11T18:56:07.755027+00:00
Dr.,Darshini Joshi,dr..darshini joshi@hospital.com,9012345678,ef92b778bafe771e89245b89ecbc08a44a4e166c06659911881f383d4473e94f,ENT,Doctor,"['Manipal Hospitals Jayanagar', 'LIFE CARE HOSPITAL- LCH® | Best hospital in BTM layout Bangalore | 24X7 Emergency Service']",2025-01-11T18:56:07.755030+00:00,2025-01-11T18:56:07.755031+00:00
Dr.,Dnyanada Singh,dr..dnyanada singh@hospital.com,9012345678,ef92b778bafe771e89245b89ecbc08a44a4e166c06659911881f383d4473e94f,ENT,Doctor,"['Manipal Hospital Yeshwanthpur', 'Manipal Hospital Hebbal']",2025-01-11T18:56:07.755034+00:00,2025-01-11T18:56:07.755036+00:00
Dr.,Durga Shah,dr..durga shah@hospital.com,9012345678,ef92b778bafe771e89245b89ecbc08a44a4e166c06659911881f383d4473e94f,ENT,Doctor,"['Manipal Hospital Yeshwanthpur', 'Manipal Hospital Hebbal']",2025-01-11T18:56:07.755039+00:00,2025-01-11T18:56:07.755040+00:00
Dr.,Ekata Agarwal,dr..ekata agarwal@hospital.com,9012345678,ef92b778bafe771e89245b89ecbc08a44a4e166c06659911881f383d4473e94f,ENT,Doctor,"['Ramaiah Memorial Hospital', 'Santosh Hospital - Best Multispeciality Hospital in Bangalore']",2025-01-11T18:56:07.755043+00:00,2025-01-11T18:56:07.755044+00:00
Dr.,Falguni Kumar,dr..falguni kumar@hospital.com,9012345678,ef92b778bafe771e89245b89ecbc08a44a4e166c06659911881f383d4473e94f,ENT,Doctor,"['Manipal Hospital Yeshwanthpur', 'Manipal Hospital Hebbal']",2025-01-11T18:56:07.755049+00:00,2025-01-11T18:56:07.755050+00:00
Dr.,Gargi Nair,dr..gargi nair@hospital.com,9012345678,ef92b778bafe771e89245b89ecbc08a44a4e166c06659911881f383d4473e94f,ENT,Doctor,"['Fortis Hospital, Bannerghatta Road', 'LIFE CARE HOSPITAL- LCH® | Best hospital in BTM layout Bangalore | 24X7 Emergency Service']",2025-01-11T18:56:07.755053+00:00,2025-01-11T18:56:07.755054+00:00
Dr.,Gauri Rao,dr..gauri rao@hospital.com,9012345678,ef92b778bafe771e89245b89ecbc08a44a4e166c06659911881f383d4473e94f,ENT,Doctor,"['Fortis Hospital, Bannerghatta Road', 'LIFE CARE HOSPITAL- LCH® | Best hospital in BTM layout Bangalore | 24X7 Emergency Service']",2025-01-11T18:56:07.755057+00:00,2025-01-11T18:56:07.755058+00:00
Dr.,Gayatri Sharma,dr..gayatri sharma@hospital.com,9012345678,ef92b778bafe771e89245b89ecbc08a44a4e166c06659911881f383d4473e94f,ENT,Doctor,"['Fortis Hospital Richmond Road', 'North Bangalore Hospital']",2025-01-11T18:56:07.755062+00:00,2025-01-11T18:56:07.755063+00:00
Dr.,Grishma Patel,dr..grishma patel@hospital.com,9012345678,ef92b778bafe771e89245b89ecbc08a44a4e166c06659911881f383d4473e94f,ENT,Doctor,"['Manipal Hospitals Jayanagar', 'Fortis Hospital Rajajinagar, Bangalore']",2025-01-11T18:56:07.755066+00:00,2025-01-11T18:56:07.755067+00:00
Dr.,Harini Singh,dr..harini singh@hospital.com,9012345678,ef92b778bafe771e89245b89ecbc08a44a4e166c06659911881f383d4473e94f,ENT,Doctor,"['Ramaiah Memorial Hospital', 'Fortis Hospital, Bannerghatta Road']",2025-01-11T18:56:07.755070+00:00,2025-01-11T18:56:07.755071+00:00
Dr.,Ishani Khanna,dr..ishani khanna@hospital.com,9012345678,ef92b778bafe771e89245b89ecbc08a44a4e166c06659911881f383d4473e94f,Psychiatry,Doctor,"['Ramaiah Memorial Hospital', 'Manipal Hospital Millers Road']",2025-01-11T18:56:07.755074+00:00,2025-01-11T18:56:07.755075+00:00
Dr.,Jui Gupta,dr..jui gupta@hospital.com,9012345678,ef92b778bafe771e89245b89ecbc08a44a4e166c06659911881f383d4473e94f,Psychiatry,Doctor,"['Ramaiah Memorial Hospital', 'Fortis Hospital, Bannerghatta Road']",2025-01-11T18:56:07.755079+00:00,2025-01-11T18:56:07.755080+00:00
Dr.,Jyotsna Roy,dr..jyotsna roy@hospital.com,9012345678,ef92b778bafe771e89245b89ecbc08a44a4e166c06659911881f383d4473e94f,Psychiatry,Doctor,"['North Bangalore Hospital', ""St Philomena's Hospital""]",2025-01-11T18:56:07.755083+00:00,2025-01-11T18:56:07.755084+00:00
Dr.,Kalpana Menon,dr..kalpana menon@hospital.com,9012345678,ef92b778bafe771e89245b89ecbc08a44a4e166c06659911881f383d4473e94f,Psychiatry,Doctor,"['Fortis Hospital Cunningham Road', 'Manipal Hospitals Jayanagar']",2025-01-11T18:56:07.755088+00:00,2025-01-11T18:56:07.755089+00:00
Dr.,Kalyani Iyer,dr..kalyani iyer@hospital.com,9012345678,ef92b778bafe771e89245b89ecbc08a44a4e166c06659911881f383d4473e94f,Psychiatry,Doctor,"['Manipal Hospitals Jayanagar', 'Re life hospital- best multispeciality hospital in bangalore']",2025-01-11T18:56:07.755092+00:00,2025-01-11T18:56:07.755093+00:00
Dr.,Kamakshi Joshi,dr..kamakshi joshi@hospital.com,9012345678,ef92b778bafe771e89245b89ecbc08a44a4e166c06659911881f383d4473e94f,Psychiatry,Doctor,"['The Bangalore Hospital', 'Re life hospital- best multispeciality hospital in bangalore']",2025-01-11T18:56:07.755096+00:00,2025-01-11T18:56:07.755097+00:00
Dr.,Kashi Singh,dr..kashi singh@hospital.com,9012345678,ef92b778bafe771e89245b89ecbc08a44a4e166c06659911881f383d4473e94f,Psychiatry,Doctor,"['The Bangalore Hospital', 'Fortis Hospital, Bannerghatta Road']",2025-01-11T18:56:07.755101+00:00,2025-01-11T18:56:07.755102+00:00
Dr.,Kumudini Shah,dr..kumudini shah@hospital.com,9012345678,ef92b778bafe771e89245b89ecbc08a44a4e166c06659911881f383d4473e94f,Psychiatry,Doctor,"['North Bangalore Hospital', 'Re life hospital- best multispeciality hospital in bangalore']",2025-01-11T18:56:07.755105+00:00,2025-01-11T18:56:07.755106+00:00
Dr.,Lavanya Agarwal,dr..lavanya agarwal@hospital.com,9012345678,ef92b778bafe771e89245b89ecbc08a44a4e166c06659911881f383d4473e94f,Psychiatry,Doctor,"['The Bangalore Hospital', 'Fortis Hospital, Bannerghatta Road']",2025-01-11T18:56:07.755109+00:00,2025-01-11T18:56:07.755110+00:00
Dr.,Leela Kumar,dr..leela kumar@hospital.com,9012345678,ef92b778bafe771e89245b89ecbc08a44a4e166c06659911881f383d4473e94f,Psychiatry,Doctor,"['Manipal Hospital Millers Road', 'Fortis Hospital, Bannerghatta Road']",2025-01-11T18:56:07.755113+00:00,2025-01-11T18:56:07.755114+00:00
Dr.,Madhavi Nair,dr..madhavi nair@hospital.com,9012345678,ef92b778bafe771e89245b89ecbc08a44a4e166c06659911881f383d4473e94f,Psychiatry,Doctor,"['Ramaiah Memorial Hospital', 'Manipal Hospital Millers Road']",2025-01-11T18:56:07.755117+00:00,2025-01-11T18:56:07.755118+00:00
Dr.,Malini Rao,dr..malini rao@hospital.com,9012345678,ef92b778bafe771e89245b89ecbc08a44a4e166c06659911881f383d4473e94f,Psychiatry,Doctor,"['Manipal Hospital Hebbal', 'Re life hospital- best multispeciality hospital in bangalore']",2025-01-11T18:56:07.755122+00:00,2025-01-11T18:56:07.755123+00:00
Dr.,Meera Sharma,dr..meera sharma@hospital.com,9012345678,ef92b778bafe771e89245b89ecbc08a44a4e166c06659911881f383d4473e94f,Psychiatry,Doctor,"['Manipal Hospital Hebbal', 'Manipal Hospitals Jayanagar']",2025-01-11T18:56:07.755126+00:00,2025-01-11T18:56:07.755127+00:00
Dr.,Nandini Patel,dr..nandini patel@hospital.com,9012345678,ef92b778bafe771e89245b89ecbc08a44a4e166c06659911881f383d4473e94f,Psychiatry,Doctor,"['North Bangalore Hospital', ""St Philomena's Hospital""]",2025-01-11T18:56:07.755130+00:00,2025-01-11T18:56:07.755131+00:00
Dr.,Navita Singh,dr..navita singh@hospital.com,9012345678,ef92b778bafe771e89245b89ecbc08a44a4e166c06659911881f383d4473e94f,Psychiatry,Doctor,"['Ramaiah Memorial Hospital', 'Manipal Hospital Hebbal']",2025-01-11T18:56:07.755134+00:00,2025-01-11T18:56:07.755135+00:00
Dr.,Nayana Khanna,dr..nayana khanna@hospital.com,9012345678,ef92b778bafe771e89245b89ecbc08a44a4e166c06659911881f383d4473e94f,Psychiatry,Doctor,"['Manipal Hospitals Jayanagar', 'The Bangalore Hospital']",2025-01-11T18:56:07.755138+00:00,2025-01-11T18:56:07.755139+00:00
Dr.,Neeta Gupta,dr..neeta gupta@hospital.com,9012345678,ef92b778bafe771e89245b89ecbc08a44a4e166c06659911881f383d4473e94f,Psychiatry,Doctor,"['Manipal Hospital Hebbal', ""St Philomena's Hospital""]",2025-01-11T18:56:07.755142+00:00,2025-01-11T18:56:07.755143+00:00
Dr.,Nirmala Roy,dr..nirmala roy@hospital.com,9012345678,ef92b778bafe771e89245b89ecbc08a44a4e166c06659911881f383d4473e94f,Psychiatry,Doctor,"['Fortis Hospital Cunningham Road', ""St Philomena's Hospital""]",2025-01-11T18:56:07.755146+00:00,2025-01-11T18:56:07.755147+00:00
Dr.,Oviya Menon,dr..oviya menon@hospital.com,9012345678,ef92b778bafe771e89245b89ecbc08a44a4e166c06659911881f383d4473e94f,Psychiatry,Doctor,"['Fortis Hospital Cunningham Road', 'North Bangalore Hospital']",2025-01-11T18:56:07.755151+00:00,2025-01-11T18:56:07.755158+00:00
Dr.,Padma Iyer,dr..padma iyer@hospital.com,9012345678,ef92b778bafe771e89245b89ecbc08a44a4e166c06659911881f383d4473e94f,Psychiatry,Doctor,"['Manipal Hospital Millers Road', 'Fortis Hospital Cunningham Road']",2025-01-11T18:56:07.755161+00:00,2025-01-11T18:56:07.755162+00:00
Dr.,Pallavi Joshi,dr..pallavi joshi@hospital.com,9012345678,ef92b778bafe771e89245b89ecbc08a44a4e166c06659911881f383d4473e94f,General Surgery,Doctor,"['Manipal Hospital Yeshwanthpur', 'Fortis Hospital Richmond Road']",2025-01-11T18:56:07.755166+00:00,2025-01-11T18:56:07.755167+00:00
Dr.,Pratibha Singh,dr..pratibha singh@hospital.com,9012345678,ef92b778bafe771e89245b89ecbc08a44a4e166c06659911881f383d4473e94f,General Surgery,Doctor,"['Manipal Hospital Millers Road', 'North Bangalore Hospital']",2025-01-11T18:56:07.755170+00:00,2025-01-11T18:56:07.755171+00:00
Dr.,Prerna Shah,dr..prerna shah@hospital.com,9012345678,ef92b778bafe771e89245b89ecbc08a44a4e166c06659911881f383d4473e94f,General Surgery,Doctor,"['LIFE CARE HOSPITAL- LCH® | Best hospital in BTM layout Bangalore | 24X7 Emergency Service', ""St. Martha's Hospital""]",2025-01-11T18:56:07.755175+00:00,2025-01-11T18:56:07.755175+00:00
Dr.,Purva Agarwal,dr..purva agarwal@hospital.com,9012345678,ef92b778bafe771e89245b89ecbc08a44a4e166c06659911881f383d4473e94f,General Surgery,Doctor,"['VSH Hospital', 'The Bangalore Hospital']",2025-01-11T18:56:07.755179+00:00,2025-01-11T18:56:07.755180+00:00
Dr.,Aaliyah Kumar,dr..aaliyah kumar@hospital.com,9012345678,ef92b778bafe771e89245b89ecbc08a44a4e166c06659911881f383d4473e94f,General Surgery,Doctor,"['Manipal Hospital Millers Road', 'Cambridge Fertility']",2025-01-11T18:56:07.755183+00:00,2025-01-11T18:56:07.755184+00:00
Dr.,Aisha Nair,dr..aisha nair@hospital.com,9012345678,ef92b778bafe771e89245b89ecbc08a44a4e166c06659911881f383d4473e94f,General Surgery,Doctor,"['North Bangalore Hospital', 'LIFE CARE HOSPITAL- LCH® | Best hospital in BTM layout Bangalore | 24X7 Emergency Service']",2025-01-11T18:56:07.755187+00:00,2025-01-11T18:56:07.755188+00:00
Dr.,Amara Rao,dr..amara rao@hospital.com,9012345678,ef92b778bafe771e89245b89ecbc08a44a4e166c06659911881f383d4473e94f,General Surgery,Doctor,"['North Bangalore Hospital', 'The Bangalore Hospital']",2025-01-11T18:56:07.755191+00:00,2025-01-11T18:56:07.755192+00:00
Dr.,Farida Sharma,dr..farida sharma@hospital.com,9012345678,ef92b778bafe771e89245b89ecbc08a44a4e166c06659911881f383d4473e94f,General Surgery,Doctor,"['Fortis Hospital Richmond Road', 'Apollo Spectra Hospitals']",2025-01-11T18:56:07.755196+00:00,2025-01-11T18:56:07.755197+00:00
Dr.,Fawziya Patel,dr..fawziya patel@hospital.com,9012345678,ef92b778bafe771e89245b89ecbc08a44a4e166c06659911881f383d4473e94f,General Surgery,Doctor,"['Manipal Hospital Millers Road', 'Cambridge Fertility']",2025-01-11T18:56:07.755200+00:00,2025-01-11T18:56:07.755201+00:00
Dr.,Hana Singh,dr..hana singh@hospital.com,9012345678,ef92b778bafe771e89245b89ecbc08a44a4e166c06659911881f383d4473e94f,General Surgery,Doctor,"['Manipal Hospital Yeshwanthpur', 'LIFE CARE HOSPITAL- LCH® | Best hospital in BTM layout Bangalore | 24X7 Emergency Service']",2025-01-11T18:56:07.755204+00:00,2025-01-11T18:56:07.755205+00:00
Dr.,Inaya Khanna,dr..inaya khanna@hospital.com,9012345678,ef92b778bafe771e89245b89ecbc08a44a4e166c06659911881f383d4473e94f,General Surgery,Doctor,"['VSH Hospital', ""St. Martha's Hospital""]",2025-01-11T18:56:07.755208+00:00,2025-01-11T18:56:07.755209+00:00
Dr.,Iqra Gupta,dr..iqra gupta@hospital.com,9012345678,ef92b778bafe771e89245b89ecbc08a44a4e166c06659911881f383d4473e94f,General Surgery,Doctor,"['Apollo Spectra Hospitals', 'Cambridge Fertility']",2025-01-11T18:56:07.755212+00:00,2025-01-11T18:56:07.755213+00:00
Dr.,Jasmine Roy,dr..jasmine roy@hospital.com,9012345678,ef92b778bafe771e89245b89ecbc08a44a4e166c06659911881f383d4473e94f,General Surgery,Doctor,"['Fortis Hospital Richmond Road', 'North Bangalore Hospital']",2025-01-11T18:56:07.755217+00:00,2025-01-11T18:56:07.755217+00:00
Dr.,Laila Menon,dr..laila menon@hospital.com,9012345678,ef92b778bafe771e89245b89ecbc08a44a4e166c06659911881f383d4473e94f,General Surgery,Doctor,"['Manipal Hospital Yeshwanthpur', 'Apollo Spectra Hospitals']",2025-01-11T18:56:07.755221+00:00,2025-01-11T18:56:07.755222+00:00
Dr.,Lina Iyer,dr..lina iyer@hospital.com,9012345678,ef92b778bafe771e89245b89ecbc08a44a4e166c06659911881f383d4473e94f,General Surgery,Doctor,"['LIFE CARE HOSPITAL- LCH® | Best hospital in BTM layout Bangalore | 24X7 Emergency Service', ""St. Martha's Hospital""]",2025-01-11T18:56:07.755225+00:00,2025-01-11T18:56:07.755226+00:00
Dr.,Madiha Joshi,dr..madiha joshi@hospital.com,9012345678,ef92b778bafe771e89245b89ecbc08a44a4e166c06659911881f383d4473e94f,General Surgery,Doctor,"['Manipal Hospital Yeshwanthpur', 'VSH Hospital']",2025-01-11T18:56:07.755229+00:00,2025-01-11T18:56:07.755230+00:00
Dr.,Maryam Singh,dr..maryam singh@hospital.com,9012345678,ef92b778bafe771e89245b89ecbc08a44a4e166c06659911881f383d4473e94f,General Surgery,Doctor,"['The Bangalore Hospital', 'Apollo Spectra Hospitals']",2025-01-11T18:56:07.755233+00:00,2025-01-11T18:56:07.755234+00:00
Dr.,Nadia Shah,dr..nadia shah@hospital.com,9012345678,ef92b778bafe771e89245b89ecbc08a44a4e166c06659911881f383d4473e94f,General Surgery,Doctor,"['VSH Hospital', ""St. Martha's Hospital""]",2025-01-11T18:56:07.755237+00:00,2025-01-11T18:56:07.755239+00:00
Dr.,Naima Agarwal,dr..naima agarwal@hospital.com,9012345678,ef92b778bafe771e89245b89ecbc08a44a4e166c06659911881f383d4473e94f,General Surgery,Doctor,"['The Bangalore Hospital', 'Cambridge Fertility']",2025-01-11T18:56:07.755242+00:00,2025-01-11T18:56:07.755243+00:00
Dr.,Nyla Kumar,dr..nyla kumar@hospital.com,9012345678,ef92b778bafe771e89245b89ecbc08a44a4e166c06659911881f383d4473e94f,General Surgery,Doctor,"['Fortis Hospital Richmond Road', 'Manipal Hospital Millers Road']",2025-01-11T18:56:07.755246+00:00,2025-01-11T18:56:07.755247+00:00
Dr.,Rabia Nair,dr..rabia nair@hospital.com,9012345678,ef92b778bafe771e89245b89ecbc08a44a4e166c06659911881f383d4473e94f,Urology,Doctor,"['SPARSH Hospital, Infantry Road', 'Manipal Hospital Hebbal']",2025-01-11T18:56:07.755250+00:00,2025-01-11T18:56:07.755251+00:00
Dr.,Rukhsar Rao,dr..rukhsar rao@hospital.com,9012345678,ef92b778bafe771e89245b89ecbc08a44a4e166c06659911881f383d4473e94f,Urology,Doctor,"['Manipal Hospital Yeshwanthpur', 'Fortis Hospital Richmond Road']",2025-01-11T18:56:07.755256+00:00,2025-01-11T18:56:07.755257+00:00
Dr.,Sahar Sharma,dr..sahar sharma@hospital.com,9012345678,ef92b778bafe771e89245b89ecbc08a44a4e166c06659911881f383d4473e94f,Urology,Doctor,"['Fortis Hospital Richmond Road', 'SPARSH Hospital, Infantry Road']",2025-01-11T18:56:07.755260+00:00,2025-01-11T18:56:07.755261+00:00
Dr.,Saida Patel,dr..saida patel@hospital.com,9012345678,ef92b778bafe771e89245b89ecbc08a44a4e166c06659911881f383d4473e94f,Urology,Doctor,"['Manipal Hospital Yeshwanthpur', 'Fortis Hospital Richmond Road']",2025-01-11T18:56:07.755265+00:00,2025-01-11T18:56:07.755266+00:00
Dr.,Sana Singh,dr..sana singh@hospital.com,9012345678,ef92b778bafe771e89245b89ecbc08a44a4e166c06659911881f383d4473e94f,Urology,Doctor,"['Fortis Hospital, Bannerghatta Road', 'Manipal Hospital Varthur Road']",2025-01-11T18:56:07.755269+00:00,2025-01-11T18:56:07.755270+00:00
Dr.,Shireen Khanna,dr..shireen khanna@hospital.com,9012345678,ef92b778bafe771e89245b89ecbc08a44a4e166c06659911881f383d4473e94f,Urology,Doctor,"[""St Philomena's Hospital"", 'Fortis Hospital, Bannerghatta Road']",2025-01-11T18:56:07.755273+00:00,2025-01-11T18:56:07.755274+00:00
Dr.,Sofia Gupta,dr..sofia gupta@hospital.com,9012345678,ef92b778bafe771e89245b89ecbc08a44a4e166c06659911881f383d4473e94f,Urology,Doctor,"['SPARSH Hospital, Infantry Road', 'Manipal Hospital Hebbal']",2025-01-11T18:56:07.755277+00:00,2025-01-11T18:56:07.755278+00:00
Dr.,Tahira Roy,dr..tahira roy@hospital.com,9012345678,ef92b778bafe771e89245b89ecbc08a44a4e166c06659911881f383d4473e94f,Urology,Doctor,"['VSH Hospital', 'Fortis Hospital, Bannerghatta Road']",2025-01-11T18:56:07.755281+00:00,2025-01-11T18:56:07.755282+00:00
Dr.,Yasmin Menon,dr..yasmin menon@hospital.com,9012345678,ef92b778bafe771e89245b89ecbc08a44a4e166c06659911881f383d4473e94f,Urology,Doctor,"['Manipal Hospital Varthur Road', 'Re life hospital- best multispeciality hospital in bangalore']",2025-01-11T18:56:07.755286+00:00,2025-01-11T18:56:07.755287+00:00
Dr.,Zahira Iyer,dr..zahira iyer@hospital.com,9012345678,ef92b778bafe771e89245b89ecbc08a44a4e166c06659911881f383d4473e94f,Urology,Doctor,"['Manipal Hospital Yeshwanthpur', 'Apollo Spectra Hospitals']",2025-01-11T18:56:07.755290+00:00,2025-01-11T18:56:07.755291+00:00
Dr.,Zainab Joshi,dr..zainab joshi@hospital.com,9012345678,ef92b778bafe771e89245b89ecbc08a44a4e166c06659911881f383d4473e94f,Urology,Doctor,"['Fortis Hospital Richmond Road', 'Manipal Hospital Hebbal']",2025-01-11T18:56:07.755294+00:00,2025-01-11T18:56:07.755295+00:00
Dr.,Zara Singh,dr..zara singh@hospital.com,9012345678,ef92b778bafe771e89245b89ecbc08a44a4e166c06659911881f383d4473e94f,Urology,Doctor,"['VSH Hospital', ""St Philomena's Hospital""]",2025-01-11T18:56:07.755298+00:00,2025-01-11T18:56:07.755299+00:00
Dr.,Zoya Shah,dr..zoya shah@hospital.com,9012345678,ef92b778bafe771e89245b89ecbc08a44a4e166c06659911881f383d4473e94f,Urology,Doctor,"['Apollo Spectra Hospitals', 'Re life hospital- best multispeciality hospital in bangalore']",2025-01-11T18:56:07.755302+00:00,2025-01-11T18:56:07.755303+00:00
Dr.,Sumaya Agarwal,dr..sumaya agarwal@hospital.com,9012345678,ef92b778bafe771e89245b89ecbc08a44a4e166c06659911881f383d4473e94f,Urology,Doctor,"['Manipal Hospital Varthur Road', 'Re life hospital- best multispeciality hospital in bangalore']",2025-01-11T18:56:07.755306+00:00,2025-01-11T18:56:07.755307+00:00
Dr.,Aaradhya Kumar,dr..aaradhya kumar@hospital.com,9012345678,ef92b778bafe771e89245b89ecbc08a44a4e166c06659911881f383d4473e94f,Urology,Doctor,"[""St Philomena's Hospital"", 'Re life hospital- best multispeciality hospital in bangalore']",2025-01-11T18:56:07.755311+00:00,2025-01-11T18:56:07.755312+00:00
Dr.,Adah Nair,dr..adah nair@hospital.com,9012345678,ef92b778bafe771e89245b89ecbc08a44a4e166c06659911881f383d4473e94f,Urology,Doctor,"['VSH Hospital', 'Apollo Spectra Hospitals']",2025-01-11T18:56:07.755315+00:00,2025-01-11T18:56:07.755316+00:00
Dr.,Adhira Rao,dr..adhira rao@hospital.com,9012345678,ef92b778bafe771e89245b89ecbc08a44a4e166c06659911881f383d4473e94f,Urology,Doctor,"['SPARSH Hospital, Infantry Road', ""St Philomena's Hospital""]",2025-01-11T18:56:07.755319+00:00,2025-01-11T18:56:07.755320+00:00
Dr.,Amoli Sharma,dr..amoli sharma@hospital.com,9012345678,ef92b778bafe771e89245b89ecbc08a44a4e166c06659911881f383d4473e94f,Urology,Doctor,"['Fortis Hospital, Bannerghatta Road', 'Manipal Hospital Varthur Road']",2025-01-11T18:56:07.755323+00:00,2025-01-11T18:56:07.755324+00:00
Dr.,Anaisha Patel,dr..anaisha patel@hospital.com,9012345678,ef92b778bafe771e89245b89ecbc08a44a4e166c06659911881f383d4473e94f,Urology,Doctor,"['Manipal Hospital Hebbal', 'VSH Hospital']",2025-01-11T18:56:07.755327+00:00,2025-01-11T18:56:07.755328+00:00
Dr.,Ananya Singh,dr..ananya singh@hospital.com,9012345678,ef92b778bafe771e89245b89ecbc08a44a4e166c06659911881f383d4473e94f,Urology,Doctor,"['Manipal Hospital Yeshwanthpur', 'Apollo Spectra Hospitals']",2025-01-11T18:56:07.755331+00:00,2025-01-11T18:56:07.755332+00:00
