Hospital Name,Doctors
Ramaiah Memorial Hospital,"Dr. Sai Singh, Dr. Harini Singh, Dr. Charulata Iyer, Dr. Sneha Sharma, Dr. Ekata Agarwal, Dr. Tanvi Gupta, Dr. Bhakti Roy, Dr. Sukhleen Gupta, Dr. Mehar Shah, Dr. Keya Khanna, Dr. Navita Singh, Dr. Jaisnavi Khanna, Dr. Laasya Iyer, Dr. Mirai Agarwal, Dr. Madhavi Nair, Dr. Ishani Khanna, Dr. Jui Gupta, Dr. Vaidarbhi Roy, Dr. Taahira Singh, Dr. Urvashi Iyer"
Manipal Hospital Yeshwanthpur,"Dr. Ananya Singh, Dr. Hana Singh, Dr. Madiha Joshi, Dr. Dnyanada Singh, Dr. Pallavi Joshi, Dr. Pavati Khanna, Dr. Zahira Iyer, Dr. Prisha Gupta, Dr. Gurleen Gupta, Dr. Ikamroop Singh, Dr. Durga Shah, Dr. Falguni Kumar, Dr. Saida Patel, Dr. Larisa Menon, Dr. Neela Nair, Dr. Bisanpreet Rao, Dr. Harveen Joshi, Dr. Krisha Roy, Dr. Rukhsar Rao, Dr. Laila Menon"
Fortis Hospital Richmond Road,"Dr. Amoli Jain, Dr. Harleen Iyer, Dr. Hiya Agarwal, Dr. Pallavi Joshi, Dr. Anuja Khanna, Dr. Paakhi Sharma, Dr. Gayatri Sharma, Dr. Zainab Joshi, Dr. Gurleen Gupta, Dr. Saida Patel, Dr. Nyla Kumar, Dr. Avni Roy, Dr. Sahar Sharma, Dr. Jasmine Roy, Dr. Anaisha Singh, Dr. Harveen Joshi, Dr. Arohi Gupta, Dr. Rukhsar Rao, Dr. Manya Sharma, Dr. Farida Sharma"
"SPARSH Hospital, Infantry Road","Dr. Saisha Shah, Dr. Sneha Sharma, Dr. Rimjhim Gupta, Dr. Naitee Nair, Dr. Saloni Kumar, Dr. Sukhleen Gupta, Dr. Mehar Shah, Dr. Jaisnavi Khanna, Dr. Nirali Agarwal, Dr. Anika Kumar, Dr. Bansari Agarwal, Dr. Nehrika Patel, Dr. Charmi Kumar, Dr. Unnati Joshi, Dr. Sahar Sharma, Dr. Mayra Singh, Dr. Adhira Rao, Dr. Sofia Gupta, Dr. Riva Khanna, Dr. Rabia Nair"
Manipal Hospital Hebbal,"Dr. Naitee Nair, Dr. Dnyanada Singh, Dr. Manavi Patel, Dr. Pavati Khanna, Dr. Navita Singh, Dr. Neeta Gupta, Dr. Kimaya Gupta, Dr. Ekkam Singh, Dr. Zainab Joshi, Dr. Durga Shah, Dr. Falguni Kumar, Dr. Parminder Patel, Dr. Navya Rao, Dr. Malini Rao, Dr. Meera Sharma, Dr. Katiya Kumar, Dr. Anaisha Patel, Dr. Simrat Singh, Dr. Sofia Gupta, Dr. Rabia Nair"
Manipal Hospital Millers Road,"Dr. Fawziya Patel, Dr. Keya Khanna, Dr. Zara Menon, Dr. Padma Iyer, Dr. Ryka Roy, Dr. Laasya Iyer, Dr. Nyla Kumar, Dr. Madhavi Nair, Dr. Larisa Menon, Dr. Shrishti Rao, Dr. Ishani Khanna, Dr. Aas Singh, Dr. Turvi Patel, Dr. Inika Gupta, Dr. Drisna Sharma, Dr. Aaliyah Kumar, Dr. Leela Kumar, Dr. Sukhdeep Khanna, Dr. Pratibha Singh, Dr. Ami Iyer"
Santosh Hospital - Best Multispeciality Hospital in Bangalore,"Dr. Saisha Shah, Dr. Amoli Jain, Dr. Ekata Agarwal, Dr. Sharayu Sharma, Dr. Shanaya Nair, Dr. Amanroop Agarwal, Dr. Tapti Shah, Dr. Ira Nair, Dr. Ryka Roy, Dr. Rebecca Menon, Dr. Mayuri Rao, Dr. Neela Nair, Dr. Mahika Joshi, Dr. Aas Singh, Dr. Kashvi Singh, Dr. Krisha Roy, Dr. Apsara Singh, Dr. Gulika Shah, Dr. Saundarya Patel, Dr. Riva Khanna"
Fortis Hospital Cunningham Road,"Dr. Oviya Menon, Dr. Parina Iyer, Dr. Sharayu Sharma, Dr. Eshika Joshi, Dr. Ananya Khanna, Dr. Tapti Shah, Dr. Geetika Singh, Dr. Padma Iyer, Dr. Nehrika Patel, Dr. Nirmala Roy, Dr. Mahika Joshi, Dr. Mayra Singh, Dr. Tejshri Singh, Dr. Aaina Joshi, Dr. Turvi Patel, Dr. Nyra Sharma, Dr. Taahira Singh, Dr. Saira Agarwal, Dr. Asmee Gupta, Dr. Kalpana Menon"
North Bangalore Hospital,"Dr. Oviya Menon, Dr. Harleen Iyer, Dr. Nihaara Rao, Dr. Bhakti Roy, Dr. Jyotsna Roy, Dr. Aisha Nair, Dr. Gayatri Sharma, Dr. Charul Rao, Dr. Mayuri Rao, Dr. Charmi Kumar, Dr. Jasmine Roy, Dr. Amara Rao, Dr. Arohi Gupta, Dr. Nandini Patel, Dr. Faal Khanna, Dr. Inika Gupta, Dr. Dhruvi Singh, Dr. Pratibha Singh, Dr. Dilreet Patel, Dr. Kumudini Shah"
VSH Hospital,"Dr. Ridhi Roy, Dr. Rimjhim Gupta, Dr. Madiha Joshi, Dr. Shivali Rao, Dr. Nirali Agarwal, Dr. Charanpreet Sharma, Dr. Inaya Khanna, Dr. Ekkam Singh, Dr. Mishka Kumar, Dr. Gurmeet Roy, Dr. Purva Agarwal, Dr. Anaisha Patel, Dr. Saanvi Iyer, Dr. Nadia Shah, Dr. Nyra Sharma, Dr. Tahira Roy, Dr. Zara Singh, Dr. Mehr Nair, Dr. Adah Nair, Dr. Neysa Singh"
Manipal Hospitals Jayanagar,"Dr. Sai Singh, Dr. Viti Roy, Dr. Ela Iyer, Dr. Shivali Rao, Dr. Bharati Menon, Dr. Zara Menon, Dr. Kalyani Iyer, Dr. Jeevika Sharma, Dr. Meera Sharma, Dr. Shivanya Nair, Dr. Shrishti Rao, Dr. Unnati Joshi, Dr. Apsara Singh, Dr. Grishma Patel, Dr. Gulika Shah, Dr. Nayana Khanna, Dr. Kalpana Menon, Dr. Niyati Singh, Dr. Ishita Rao, Dr. Darshini Joshi"
The Bangalore Hospital,"Dr. Naima Agarwal, Dr. Kashi Singh, Dr. Heer Menon, Dr. Adhira Patel, Dr. Saloni Kumar, Dr. Amanroop Agarwal, Dr. Geetika Singh, Dr. Adah Desai, Dr. Anika Kumar, Dr. Maryam Singh, Dr. Birva Nair, Dr. Sahana Joshi, Dr. Katiya Kumar, Dr. Amara Rao, Dr. Purva Agarwal, Dr. Lavanya Agarwal, Dr. Kamakshi Joshi, Dr. Nayana Khanna, Dr. Asmee Gupta, Dr. Mehr Nair"
Apollo Spectra Hospitals,"Dr. Viti Roy, Dr. Ananya Singh, Dr. Farida Sharma, Dr. Iqra Gupta, Dr. Eshika Joshi, Dr. Zahira Iyer, Dr. Prisha Gupta, Dr. Ira Nair, Dr. Adah Desai, Dr. Maryam Singh, Dr. Mishka Kumar, Dr. Jeevika Sharma, Dr. Mirai Agarwal, Dr. Sahana Joshi, Dr. Zoya Shah, Dr. Aagya Iyer, Dr. Laila Menon, Dr. Saira Agarwal, Dr. Adah Nair, Dr. Neysa Singh"
St Philomena's Hospital,"Dr. Ela Iyer, Dr. Parina Iyer, Dr. Drishti Menon, Dr. Kaia Patel, Dr. Adhira Patel, Dr. Tanvi Gupta, Dr. Shanaya Nair, Dr. Jyotsna Roy, Dr. Neeta Gupta, Dr. Navika Kumar, Dr. Aaradhya Kumar, Dr. Akaljeet Shah, Dr. Nirmala Roy, Dr. Adhira Rao, Dr. Tejshri Singh, Dr. Aaina Joshi, Dr. Nandini Patel, Dr. Smita Agarwal, Dr. Zara Singh, Dr. Shireen Khanna"
"Fortis Hospital Rajajinagar, Bangalore","Dr. Kaia Patel, Dr. Bharati Menon, Dr. Anuja Khanna, Dr. Kimaya Gupta, Dr. Rebecca Menon, Dr. Parminder Patel, Dr. Bansari Agarwal, Dr. Navya Rao, Dr. Avni Roy, Dr. Bisanpreet Rao, Dr. Aaradhya Sharma, Dr. Kashvi Singh, Dr. Saanvi Iyer, Dr. Grishma Patel, Dr. Anvi Singh, Dr. Isha Shah, Dr. Manya Sharma, Dr. Urvashi Iyer, Dr. Ishmeet Agarwal, Dr. Chavi Nair"
"Fortis Hospital, Bannerghatta Road","Dr. Gauri Rao, Dr. Gargi Nair, Dr. Kashi Singh, Dr. Amoli Sharma, Dr. Aagya Iyer, Dr. Taara Khanna, Dr. Harini Singh, Dr. Jui Gupta, Dr. Sana Singh, Dr. Tahira Roy, Dr. Leela Kumar, Dr. Akaljeet Shah, Dr. Manavi Patel, Dr. Lavanya Agarwal, Dr. Shireen Khanna"
LIFE CARE HOSPITAL- LCHÂ® | Best hospital in BTM layout Bangalore | 24X7 Emergency Service,"Dr. Nisha Shah, Dr. Gauri Rao, Dr. Gargi Nair, Dr. Aisha Nair, Dr. Charulata Iyer, Dr. Navika Kumar, Dr. Drisna Sharma, Dr. Bandhini Shah, Dr. Prachi Menon, Dr. Dhruvi Singh, Dr. Anvi Singh, Dr. Prerna Shah, Dr. Hana Singh, Dr. Niyati Singh, Dr. Lina Iyer, Dr. Darshini Joshi"
Manipal Hospital Varthur Road,"Dr. Nisha Shah, Dr. Amoli Sharma, Dr. Riya Singh, Dr. Heer Menon, Dr. Sana Singh, Dr. Prachi Menon, Dr. Yasmin Menon, Dr. Saundarya Patel, Dr. Sumaya Agarwal, Dr. Ishmeet Agarwal, Dr. Dilreet Patel, Dr. Faal Khanna"
Re life hospital- best multispeciality hospital in bangalore,"Dr. Kamakshi Joshi, Dr. Zoya Shah, Dr. Ami Iyer, Dr. Kumudini Shah, Dr. Kalyani Iyer, Dr. Yasmin Menon, Dr. Shirina Roy, Dr. Aaradhya Kumar, Dr. Sumaya Agarwal, Dr. Sukhdeep Khanna, Dr. Ujas Menon, Dr. Malini Rao"
St. Martha's Hospital,"Dr. Nadia Shah, Dr. Inaya Khanna, Dr. Drishti Menon, Dr. Hiral Kumar, Dr. Prerna Shah, Dr. Hiya Agarwal, Dr. Aaradhya Sharma, Dr. Lina Iyer"
Cambridge Fertility,"Dr. Naima Agarwal, Dr. Vaidarbhi Roy, Dr. Fawziya Patel, Dr. Aaliyah Kumar, Dr. Iqra Gupta, Dr. Hiral Kumar, Dr. Anaisha Singh, Dr. Dhara Patel, Dr. Ananya Khanna, Dr. Ujas Menon, Dr. Ishita Rao, Dr. Chavi Nair"
Suguna Hospital,"Dr. Charanpreet Sharma, Dr. Gurmeet Roy, Dr. Tavleen Menon, Dr. Nihaara Rao, Dr. Shirina Roy, Dr. Charul Rao, Dr. Askini Joshi, Dr. Simrat Singh"
South City Hospital,"Dr. Ikamroop Singh, Dr. Isha Shah, Dr. Birva Nair, Dr. Paakhi Sharma"
Apollo Hospitals Bannerghatta,"Dr. Smita Agarwal, Dr. Shivanya Nair, Dr. Ridhi Roy, Dr. Riya Singh"
United Hospital - Best Surgical Hospital in Jayanagar,"Dr. Dhara Patel, Dr. Askini Joshi, Dr. Tavleen Menon, Dr. Bandhini Shah"
